Sequence,ID,sgRNA
AGCTAGTCCGGAtagatcgcAANNNNNTTNNNNNAANNNNNATGCCCAAGAAGAAGAGGAAGGTGTC,tagatcgc,sgP53
AGCTAGTCCGGActctctatAANNNNNTTNNNNNAANNNNNATGCCCAAGAAGAAGAGGAAGGTGTC,ctctctat,sgLkb1
AGCTAGTCCGGActaagcctAANNNNNTTNNNNNAANNNNNATGCCCAAGAAGAAGAGGAAGGTGTC,ctaagcct,sgNT1
AGCTAGTCCGGAgtaaggagAANNNNNTTNNNNNAANNNNNATGCCCAAGAAGAAGAGGAAGGTGTC,gtaaggag,sgNeo1
AGCTAGTCCGGAaaggagtaAANNNNNTTNNNNNAANNNNNATGCCCAAGAAGAAGAGGAAGGTGTC,aaggagta,sgNeo3
AGCTAGTCCGGAtatcctctAANNNNNTTNNNNNAANNNNNATGCCCAAGAAGAAGAGGAAGGTGTC,tatcctct,sgCdkn2a
AGCTAGTCCGGAactgcataAANNNNNTTNNNNNAANNNNNATGCCCAAGAAGAAGAGGAAGGTGTC,actgcata,sgKeap1
AGCTAGTCCGGAgcgtaagaAANNNNNTTNNNNNAANNNNNATGCCCAAGAAGAAGAGGAAGGTGTC,gcgtaaga,sgArid1a
AGCTAGTCCGGAgctcaggaAANNNNNTTNNNNNAANNNNNATGCCCAAGAAGAAGAGGAAGGTGTC,gctcagga,sgSetd2
AGCTAGTCCGGAaggagtccAANNNNNTTNNNNNAANNNNNATGCCCAAGAAGAAGAGGAAGGTGTC,aggagtcc,sgAPC
AGCTAGTCCGGAgtagagagAANNNNNTTNNNNNAANNNNNATGCCCAAGAAGAAGAGGAAGGTGTC,gtagagag,sgSmad4
AGCTAGTCCGGAagcgtagcAANNNNNTTNNNNNAANNNNNATGCCCAAGAAGAAGAGGAAGGTGTC,agcgtagc,sgNeo2
AGCTAGTCCGGAcatgcctaAANNNNNTTNNNNNAANNNNNATGCCCAAGAAGAAGAGGAAGGTGTC,catgccta,sgATM
AGCTAGTCCGGActagtacgAANNNNNTTNNNNNAANNNNNATGCCCAAGAAGAAGAGGAAGGTGTC,ctagtacg,sgRb1
AGCTAGTCCGGAtcgccttaAANNNNNTTNNNNNAANNNNNATGCCCAAGAAGAAGAGGAAGGTGTC,tcgcctta,sgRbm10
AGCTAGTCCGGAagagtagaAANNNNNTTNNNNNAANNNNNATGCCCAAGAAGAAGAGGAAGGTGTC,agagtaga,sgNT3
AGCTAGTCCGGAttctgcctAANNNNNTTNNNNNAANNNNNATGCCCAAGAAGAAGAGGAAGGTGTC,ttctgcct,sgSpike
